{
    "Fact": {
        "precision": 0.4308176100628931,
        "recall": 0.1869031377899045,
        "f1-score": 0.26070409134157946,
        "support": 733
    },
    "Policy": {
        "precision": 0.0,
        "recall": 0.0,
        "f1-score": 0.0,
        "support": 133
    },
    "Value": {
        "precision": 0.5049330514446794,
        "recall": 0.8840222085132634,
        "f1-score": 0.6427450100919488,
        "support": 1621
    },
    "Value(+)": {
        "precision": 0.4,
        "recall": 0.014184397163120567,
        "f1-score": 0.0273972602739726,
        "support": 282
    },
    "Value(-)": {
        "precision": 0.5300546448087432,
        "recall": 0.16724137931034483,
        "f1-score": 0.254259501965924,
        "support": 580
    },
    "accuracy": 0.4989549119140042,
    "macro avg": {
        "precision": 0.37316106126326315,
        "recall": 0.25047022455532664,
        "f1-score": 0.23702117273468498,
        "support": 3349
    },
    "weighted avg": {
        "precision": 0.46417362751776564,
        "recall": 0.4989549119140042,
        "f1-score": 0.4145065090623837,
        "support": 3349
    }
}