{"Fact": {"precision": 0.2974287699791522, "recall": 0.5839017735334243, "f1-score": 0.39410681399631675, "support": 733}, "Policy": {"precision": 0.5576923076923077, "recall": 0.43609022556390975, "f1-score": 0.48945147679324896, "support": 133}, "Value": {"precision": 0.5984182776801406, "recall": 0.4201110425663171, "f1-score": 0.493657122145705, "support": 1621}, "Value(+)": {"precision": 0.3308270676691729, "recall": 0.3120567375886525, "f1-score": 0.32116788321167883, "support": 282}, "Value(-)": {"precision": 0.3880597014925373, "recall": 0.2689655172413793, "f1-score": 0.31771894093686354, "support": 580}, "accuracy": 0.4213197969543147, "macro avg": {"precision": 0.4344852249026621, "recall": 0.4042250592987366, "f1-score": 0.4032204474167626, "support": 3349}, "weighted avg": {"precision": 0.4719594665230462, "recall": 0.4213197969543147, "f1-score": 0.4267070363929724, "support": 3349}}