{
    "Fact": {
        "precision": 0.4340770791075051,
        "recall": 0.29195088676671216,
        "f1-score": 0.34910277324632955,
        "support": 733
    },
    "Policy": {
        "precision": 0.6086956521739131,
        "recall": 0.21052631578947367,
        "f1-score": 0.3128491620111732,
        "support": 133
    },
    "Value": {
        "precision": 0.5364647713226205,
        "recall": 0.8032078963602715,
        "f1-score": 0.6432806324110673,
        "support": 1621
    },
    "Value(+)": {
        "precision": 0.42696629213483145,
        "recall": 0.1347517730496454,
        "f1-score": 0.20485175202156333,
        "support": 282
    },
    "Value(-)": {
        "precision": 0.47619047619047616,
        "recall": 0.2413793103448276,
        "f1-score": 0.3203661327231121,
        "support": 580
    },
    "accuracy": 0.5141833383099432,
    "macro avg": {
        "precision": 0.49647885418586923,
        "recall": 0.3363632364621861,
        "f1-score": 0.36609009048264907,
        "support": 3349
    },
    "weighted avg": {
        "precision": 0.49726467172630584,
        "recall": 0.5141833383099432,
        "f1-score": 0.4729291512466024,
        "support": 3349
    }
}