{"Fact": {"precision": 0.693069306930693, "recall": 0.0915032679738562, "f1-score": 0.16166281755196305, "support": 765}, "Policy": {"precision": 0.0, "recall": 0.0, "f1-score": 0.0, "support": 130}, "Value": {"precision": 0.4800623052959502, "recall": 0.9809038828771484, "f1-score": 0.6446350135954821, "support": 1571}, "Value(+)": {"precision": 0.0, "recall": 0.0, "f1-score": 0.0, "support": 297}, "Value(-)": {"precision": 0.7105263157894737, "recall": 0.04607508532423208, "f1-score": 0.08653846153846154, "support": 586}, "accuracy": 0.4891012242460436, "macro avg": {"precision": 0.3767315856032234, "recall": 0.22369644723504728, "f1-score": 0.17856725853718133, "support": 3349}, "weighted avg": {"precision": 0.5078364653551953, "recall": 0.4891012242460436, "f1-score": 0.3544655718863221, "support": 3349}}