{"Fact": {"precision": 0.3870967741935484, "recall": 0.34379263301500684, "f1-score": 0.3641618497109827, "support": 733}, "Policy": {"precision": 0.46616541353383456, "recall": 0.46616541353383456, "f1-score": 0.46616541353383456, "support": 133}, "Value": {"precision": 0.5819209039548022, "recall": 0.6354102405922271, "f1-score": 0.6074904158065467, "support": 1621}, "Value(+)": {"precision": 0.3780487804878049, "recall": 0.32978723404255317, "f1-score": 0.35227272727272724, "support": 282}, "Value(-)": {"precision": 0.46265938069216755, "recall": 0.4379310344827586, "f1-score": 0.44995571302037196, "support": 580}, "accuracy": 0.5049268438339803, "macro avg": {"precision": 0.4551782505724315, "recall": 0.442617311133276, "f1-score": 0.44800922386889264, "support": 3349}, "weighted avg": {"precision": 0.49686112800645665, "recall": 0.5049268438339803, "f1-score": 0.49984706554293434, "support": 3349}}