{
    "Fact": {
        "precision": 0.38253638253638256,
        "recall": 0.25102319236016374,
        "f1-score": 0.3031301482701812,
        "support": 733
    },
    "Policy": {
        "precision": 0.5977011494252874,
        "recall": 0.39097744360902253,
        "f1-score": 0.4727272727272727,
        "support": 133
    },
    "Value": {
        "precision": 0.5482005141388174,
        "recall": 0.526218383713757,
        "f1-score": 0.5369845766446333,
        "support": 1621
    },
    "Value(+)": {
        "precision": 0.1617161716171617,
        "recall": 0.3475177304964539,
        "f1-score": 0.2207207207207207,
        "support": 282
    },
    "Value(-)": {
        "precision": 0.36187399030694667,
        "recall": 0.38620689655172413,
        "f1-score": 0.37364470391993326,
        "support": 580
    },
    "accuracy": 0.4213197969543147,
    "macro avg": {
        "precision": 0.41040564160491916,
        "recall": 0.38038872934622425,
        "f1-score": 0.38144148445654824,
        "support": 3349
    },
    "weighted avg": {
        "precision": 0.449094454901709,
        "recall": 0.4213197969543147,
        "f1-score": 0.4283297390900344,
        "support": 3349
    }
}