{"Fact": {"precision": 0.31462585034013607, "recall": 0.504774897680764, "f1-score": 0.3876375065479309, "support": 733}, "Policy": {"precision": 0.4931506849315068, "recall": 0.5413533834586466, "f1-score": 0.5161290322580645, "support": 133}, "Value": {"precision": 0.598786828422877, "recall": 0.42628007402837753, "f1-score": 0.49801801801801804, "support": 1621}, "Value(+)": {"precision": 0.2945945945945946, "recall": 0.38652482269503546, "f1-score": 0.3343558282208589, "support": 282}, "Value(-)": {"precision": 0.3817097415506958, "recall": 0.3310344827586207, "f1-score": 0.35457063711911363, "support": 580}, "accuracy": 0.42818751866228727, "macro avg": {"precision": 0.4165735399679621, "recall": 0.4379935321242889, "f1-score": 0.4181422044327972, "support": 3349}, "weighted avg": {"precision": 0.46918798568043385, "recall": 0.42818751866228727, "f1-score": 0.43595400832622605, "support": 3349}}