{"Fact": {"precision": 0.33146067415730335, "recall": 0.3219645293315143, "f1-score": 0.3266435986159169, "support": 733}, "Policy": {"precision": 0.25878594249201275, "recall": 0.6090225563909775, "f1-score": 0.3632286995515695, "support": 133}, "Value": {"precision": 0.5680628272251309, "recall": 0.2677359654534238, "f1-score": 0.36394129979035644, "support": 1621}, "Value(+)": {"precision": 0.17095115681233933, "recall": 0.4716312056737589, "f1-score": 0.25094339622641504, "support": 282}, "Value(-)": {"precision": 0.27365728900255754, "recall": 0.3689655172413793, "f1-score": 0.3142437591776799, "support": 580}, "accuracy": 0.32785906240668855, "macro avg": {"precision": 0.3205835779378688, "recall": 0.40786395481821075, "f1-score": 0.32380015067238754, "support": 3349}, "weighted avg": {"precision": 0.4195695733900392, "recall": 0.32785906240668855, "f1-score": 0.3376277813809785, "support": 3349}}