{"Fact": {"precision": 0.34545454545454546, "recall": 0.28512960436562074, "f1-score": 0.312406576980568, "support": 733}, "Policy": {"precision": 0.24024024024024024, "recall": 0.6015037593984962, "f1-score": 0.34334763948497854, "support": 133}, "Value": {"precision": 0.5424213536701621, "recall": 0.35101789019123997, "f1-score": 0.4262172284644195, "support": 1621}, "Value(+)": {"precision": 0.18335901386748846, "recall": 0.4219858156028369, "f1-score": 0.25563909774436094, "support": 282}, "Value(-)": {"precision": 0.2917251051893408, "recall": 0.3586206896551724, "f1-score": 0.32173240525908736, "support": 580}, "accuracy": 0.35383696625858463, "macro avg": {"precision": 0.32064005168435544, "recall": 0.4036515518426732, "f1-score": 0.33186858958668286, "support": 3349}, "weighted avg": {"precision": 0.41365868945652906, "recall": 0.35383696625858463, "f1-score": 0.36555760075642374, "support": 3349}}