{"Fact": {"precision": 0.6754385964912281, "recall": 0.10504774897680765, "f1-score": 0.18181818181818182, "support": 733}, "Policy": {"precision": 0.0, "recall": 0.0, "f1-score": 0.0, "support": 133}, "Value": {"precision": 0.49579045837231056, "recall": 0.9808760024676126, "f1-score": 0.6586578293289147, "support": 1621}, "Value(+)": {"precision": 0.0, "recall": 0.0, "f1-score": 0.0, "support": 282}, "Value(-)": {"precision": 0.6428571428571429, "recall": 0.03103448275862069, "f1-score": 0.059210526315789484, "support": 580}, "accuracy": 0.5031352642579875, "macro avg": {"precision": 0.36281723954413636, "recall": 0.22339164684060817, "f1-score": 0.17993730749257722, "support": 3349}, "weighted avg": {"precision": 0.4991430179476646, "recall": 0.5031352642579875, "f1-score": 0.36885612836012416, "support": 3349}}