{
    "Fact": {
        "precision": 0.44108761329305135,
        "recall": 0.19918144611186903,
        "f1-score": 0.27443609022556387,
        "support": 733
    },
    "Policy": {
        "precision": 0.0,
        "recall": 0.0,
        "f1-score": 0.0,
        "support": 133
    },
    "Value": {
        "precision": 0.5103056147832267,
        "recall": 0.8858729179518815,
        "f1-score": 0.6475760992108229,
        "support": 1621
    },
    "Value(+)": {
        "precision": 0.5,
        "recall": 0.01773049645390071,
        "f1-score": 0.03424657534246576,
        "support": 282
    },
    "Value(-)": {
        "precision": 0.5721649484536082,
        "recall": 0.19137931034482758,
        "f1-score": 0.28682170542635654,
        "support": 580
    },
    "accuracy": 0.5070170200059719,
    "macro avg": {
        "precision": 0.40471163530597726,
        "recall": 0.25883283417249575,
        "f1-score": 0.24861609404104185,
        "support": 3349
    },
    "weighted avg": {
        "precision": 0.4847352320724126,
        "recall": 0.5070170200059719,
        "f1-score": 0.42606647785904583,
        "support": 3349
    }
}