{
    "Fact": {
        "precision": 0.4043261231281198,
        "recall": 0.3315143246930423,
        "f1-score": 0.36431784107946025,
        "support": 733
    },
    "Policy": {
        "precision": 0.5445544554455446,
        "recall": 0.41353383458646614,
        "f1-score": 0.47008547008547014,
        "support": 133
    },
    "Value": {
        "precision": 0.5770811921891058,
        "recall": 0.6927822331893893,
        "f1-score": 0.6296607793664143,
        "support": 1621
    },
    "Value(+)": {
        "precision": 0.41089108910891087,
        "recall": 0.29432624113475175,
        "f1-score": 0.3429752066115702,
        "support": 282
    },
    "Value(-)": {
        "precision": 0.4729458917835671,
        "recall": 0.4068965517241379,
        "f1-score": 0.43744207599629287,
        "support": 580
    },
    "accuracy": 0.5195580770379218,
    "macro avg": {
        "precision": 0.48195975033104965,
        "recall": 0.4278106370655575,
        "f1-score": 0.4488962746278415,
        "support": 3349
    },
    "weighted avg": {
        "precision": 0.5059496290620756,
        "recall": 0.5195580770379218,
        "f1-score": 0.5078178204621924,
        "support": 3349
    }
}