{"Fact": {"precision": 0.43470149253731344, "recall": 0.3178717598908595, "f1-score": 0.36721828211189916, "support": 733}, "Policy": {"precision": 0.6176470588235294, "recall": 0.3157894736842105, "f1-score": 0.417910447761194, "support": 133}, "Value": {"precision": 0.5488185465893892, "recall": 0.7594077729796422, "f1-score": 0.6371635610766045, "support": 1621}, "Value(+)": {"precision": 0.4426229508196721, "recall": 0.19148936170212766, "f1-score": 0.26732673267326734, "support": 282}, "Value(-)": {"precision": 0.48157894736842105, "recall": 0.31551724137931036, "f1-score": 0.38125, "support": 580}, "accuracy": 0.5204538668259182, "macro avg": {"precision": 0.505073799227665, "recall": 0.38001512192723, "f1-score": 0.414173804724593, "support": 3349}, "weighted avg": {"precision": 0.505987930271607, "recall": 0.5204538668259182, "f1-score": 0.4939105289517164, "support": 3349}}