{"Fact": {"precision": 0.6507936507936508, "recall": 0.06436420722135008, "f1-score": 0.11714285714285716, "support": 637}, "Policy": {"precision": 0.0, "recall": 0.0, "f1-score": 0.0, "support": 107}, "Value": {"precision": 0.4793637145313844, "recall": 0.9823788546255506, "f1-score": 0.6443224501589137, "support": 1135}, "Value(+)": {"precision": 0.0, "recall": 0.0, "f1-score": 0.0, "support": 170}, "Value(-)": {"precision": 0.7, "recall": 0.019830028328611898, "f1-score": 0.03856749311294765, "support": 353}, "accuracy": 0.4841798501248959, "macro avg": {"precision": 0.36603147306500705, "recall": 0.21331461803510252, "f1-score": 0.16000656008294367, "support": 2402}, "weighted avg": {"precision": 0.5019705959819637, "recall": 0.4841798501248959, "f1-score": 0.34119080183148937, "support": 2402}}