{
    "Fact": {
        "precision": 0.43478260869565216,
        "recall": 0.3956343792633015,
        "f1-score": 0.4142857142857143,
        "support": 733
    },
    "Policy": {
        "precision": 0.6666666666666666,
        "recall": 0.2556390977443609,
        "f1-score": 0.3695652173913043,
        "support": 133
    },
    "Value": {
        "precision": 0.5760485093481557,
        "recall": 0.703269586674892,
        "f1-score": 0.6333333333333333,
        "support": 1621
    },
    "Value(+)": {
        "precision": 0.40425531914893614,
        "recall": 0.20212765957446807,
        "f1-score": 0.2695035460992908,
        "support": 282
    },
    "Value(-)": {
        "precision": 0.5107632093933464,
        "recall": 0.45,
        "f1-score": 0.4784601283226398,
        "support": 580
    },
    "accuracy": 0.5320991340698716,
    "macro avg": {
        "precision": 0.5185032626505515,
        "recall": 0.4013341446514045,
        "f1-score": 0.43302958788645646,
        "support": 3349
    },
    "weighted avg": {
        "precision": 0.5229559910248077,
        "recall": 0.5320991340698716,
        "f1-score": 0.5174570947282581,
        "support": 3349
    }
}