{"Fact": {"precision": 0.3522388059701492, "recall": 0.3219645293315143, "f1-score": 0.33642195295794725, "support": 733}, "Policy": {"precision": 0.2292817679558011, "recall": 0.6240601503759399, "f1-score": 0.3353535353535353, "support": 133}, "Value": {"precision": 0.56353591160221, "recall": 0.25169648365206665, "f1-score": 0.34797441364605547, "support": 1621}, "Value(+)": {"precision": 0.19087837837837837, "recall": 0.40070921985815605, "f1-score": 0.2585812356979405, "support": 282}, "Value(-)": {"precision": 0.26373626373626374, "recall": 0.45517241379310347, "f1-score": 0.33396584440227706, "support": 580}, "accuracy": 0.3296506419826814, "macro avg": {"precision": 0.31993422552856043, "recall": 0.4107205594021561, "f1-score": 0.3224593964115511, "support": 3349}, "weighted avg": {"precision": 0.4207142335894771, "recall": 0.3296506419826814, "f1-score": 0.33499132112887176, "support": 3349}}