{
    "Fact": {
        "precision": 0.35765379113018597,
        "recall": 0.34106412005457026,
        "f1-score": 0.34916201117318435,
        "support": 733
    },
    "Policy": {
        "precision": 0.4411764705882353,
        "recall": 0.45112781954887216,
        "f1-score": 0.44609665427509293,
        "support": 133
    },
    "Value": {
        "precision": 0.5798561151079137,
        "recall": 0.4972239358420728,
        "f1-score": 0.5353703088674859,
        "support": 1621
    },
    "Value(+)": {
        "precision": 0.20210526315789473,
        "recall": 0.3404255319148936,
        "f1-score": 0.2536327608982827,
        "support": 282
    },
    "Value(-)": {
        "precision": 0.4268104776579353,
        "recall": 0.47758620689655173,
        "f1-score": 0.4507729861676159,
        "support": 580
    },
    "accuracy": 0.44461033144222156,
    "macro avg": {
        "precision": 0.40152042352843303,
        "recall": 0.42148552285139207,
        "f1-score": 0.4070069442763323,
        "support": 3349
    },
    "weighted avg": {
        "precision": 0.4674013805102175,
        "recall": 0.44461033144222156,
        "f1-score": 0.45269472989945037,
        "support": 3349
    }
}