{"Fact": {"precision": 0.38485804416403785, "recall": 0.3328785811732606, "f1-score": 0.3569861009509876, "support": 733}, "Policy": {"precision": 0.49572649572649574, "recall": 0.43609022556390975, "f1-score": 0.46399999999999997, "support": 133}, "Value": {"precision": 0.5764119601328903, "recall": 0.6421961752004935, "f1-score": 0.6075284505398307, "support": 1621}, "Value(+)": {"precision": 0.39069767441860465, "recall": 0.2978723404255319, "f1-score": 0.3380281690140845, "support": 282}, "Value(-)": {"precision": 0.44714038128249567, "recall": 0.44482758620689655, "f1-score": 0.445980985306828, "support": 580}, "accuracy": 0.5031352642579875, "macro avg": {"precision": 0.4589669111449048, "recall": 0.4307729817140185, "f1-score": 0.44250474116234617, "support": 3349}, "weighted avg": {"precision": 0.49325605345152973, "recall": 0.5031352642579875, "f1-score": 0.4963210944944973, "support": 3349}}