{
    "Fact": {
        "precision": 0.389351081530782,
        "recall": 0.31923601637107774,
        "f1-score": 0.3508245877061469,
        "support": 733
    },
    "Policy": {
        "precision": 0.4954128440366973,
        "recall": 0.40601503759398494,
        "f1-score": 0.4462809917355372,
        "support": 133
    },
    "Value": {
        "precision": 0.5747065101387406,
        "recall": 0.6644046884639112,
        "f1-score": 0.6163090128755365,
        "support": 1621
    },
    "Value(+)": {
        "precision": 0.3744493392070485,
        "recall": 0.30141843971631205,
        "f1-score": 0.3339882121807466,
        "support": 282
    },
    "Value(-)": {
        "precision": 0.4628252788104089,
        "recall": 0.42931034482758623,
        "f1-score": 0.445438282647585,
        "support": 580
    },
    "accuracy": 0.5073156166019708,
    "macro avg": {
        "precision": 0.4593490107447355,
        "recall": 0.42407690539457443,
        "f1-score": 0.43856821742911045,
        "support": 3349
    },
    "weighted avg": {
        "precision": 0.49474974001799565,
        "recall": 0.5073156166019708,
        "f1-score": 0.4980846773159888,
        "support": 3349
    }
}