{"Fact": {"precision": 0.26861702127659576, "recall": 0.41336971350613916, "f1-score": 0.32563138097796884, "support": 733}, "Policy": {"precision": 0.36683417085427134, "recall": 0.5488721804511278, "f1-score": 0.43975903614457834, "support": 133}, "Value": {"precision": 0.5896414342629482, "recall": 0.09130166563849476, "f1-score": 0.15811965811965814, "support": 1621}, "Value(+)": {"precision": 0.14650934119960668, "recall": 0.5283687943262412, "f1-score": 0.2294072363356428, "support": 282}, "Value(-)": {"precision": 0.253315649867374, "recall": 0.3293103448275862, "f1-score": 0.2863568215892054, "support": 580}, "accuracy": 0.25798745894296804, "macro avg": {"precision": 0.32498352349215914, "recall": 0.38224453974991784, "f1-score": 0.2878548266334107, "support": 3349}, "weighted avg": {"precision": 0.4149694527921672, "recall": 0.25798745894296804, "f1-score": 0.23417961094190395, "support": 3349}}