{
    "Fact": {
        "precision": 0.4176394293125811,
        "recall": 0.4392905866302865,
        "f1-score": 0.42819148936170215,
        "support": 733
    },
    "Policy": {
        "precision": 0.2819672131147541,
        "recall": 0.6466165413533834,
        "f1-score": 0.3926940639269407,
        "support": 133
    },
    "Value": {
        "precision": 0.6382428940568475,
        "recall": 0.4571252313386798,
        "f1-score": 0.5327102803738317,
        "support": 1621
    },
    "Value(+)": {
        "precision": 0.3053097345132743,
        "recall": 0.48936170212765956,
        "f1-score": 0.3760217983651226,
        "support": 282
    },
    "Value(-)": {
        "precision": 0.46060606060606063,
        "recall": 0.5241379310344828,
        "f1-score": 0.4903225806451614,
        "support": 580
    },
    "accuracy": 0.4750671842340997,
    "macro avg": {
        "precision": 0.42075306632070353,
        "recall": 0.5113063984968984,
        "f1-score": 0.44398804253455165,
        "support": 3349
    },
    "weighted avg": {
        "precision": 0.5170116251360981,
        "recall": 0.4750671842340997,
        "f1-score": 0.48373881176576594,
        "support": 3349
    }
}