{
    "Fact": {
        "precision": 0.6209150326797386,
        "recall": 0.1296043656207367,
        "f1-score": 0.21444695259593682,
        "support": 733
    },
    "Policy": {
        "precision": 0.0,
        "recall": 0.0,
        "f1-score": 0.0,
        "support": 133
    },
    "Value": {
        "precision": 0.50417469492614,
        "recall": 0.9685379395434917,
        "f1-score": 0.6631467793030623,
        "support": 1621
    },
    "Value(+)": {
        "precision": 0.5,
        "recall": 0.0035460992907801418,
        "f1-score": 0.007042253521126761,
        "support": 282
    },
    "Value(-)": {
        "precision": 0.625,
        "recall": 0.08620689655172414,
        "f1-score": 0.15151515151515152,
        "support": 580
    },
    "accuracy": 0.5123917587339505,
    "macro avg": {
        "precision": 0.45001794552117574,
        "recall": 0.2375790602013465,
        "f1-score": 0.2072302273870555,
        "support": 3349
    },
    "weighted avg": {
        "precision": 0.5302770676110843,
        "recall": 0.5123917587339505,
        "f1-score": 0.39474925317253845,
        "support": 3349
    }
}