{"Fact": {"precision": 0.3861236802413273, "recall": 0.34924965893587995, "f1-score": 0.36676217765042984, "support": 733}, "Policy": {"precision": 0.5, "recall": 0.46616541353383456, "f1-score": 0.48249027237354086, "support": 133}, "Value": {"precision": 0.5815247634947134, "recall": 0.6446637877853177, "f1-score": 0.6114686951433588, "support": 1621}, "Value(+)": {"precision": 0.38461538461538464, "recall": 0.30141843971631205, "f1-score": 0.3379721669980119, "support": 282}, "Value(-)": {"precision": 0.45955882352941174, "recall": 0.43103448275862066, "f1-score": 0.4448398576512455, "support": 580}, "accuracy": 0.5070170200059719, "macro avg": {"precision": 0.4623645303761674, "recall": 0.438506356545993, "f1-score": 0.44870663396331734, "support": 3349}, "weighted avg": {"precision": 0.49781605116465233, "recall": 0.5070170200059719, "f1-score": 0.500899942013136, "support": 3349}}